username_play,hand_number_play,position_play,starting_stack,finishing_stack,cards
hotti60,240356403676,btn,10078,10078,[]
AlterJuEgo,240356403676,sb,11585,11535,[]
serioushippo677,240356403676,bb,10000,9900,[]
Renata RDV,240356403676,utg,15737,15637,[]
pico516,240356403676,mp,35036,35286,[]
Dr.Smokealot,240356403676,co,14427,14427,[]
serioushippo677,240356410578,btn,9900,9400,[]
Renata RDV,240356410578,sb,15637,15587,[]
pico516,240356410578,bb,35286,36062,[]
Dr.Smokealot,240356410578,utg,14427,14427,[]
hotti60,240356410578,mp,10078,9778,[]
Renata RDV,240356423789,btn,15587,14915,[]
pico516,240356423789,sb,36062,35862,[]
Dr.Smokealot,240356423789,bb,14427,11472,"['2c', 'Ac']"
hotti60,240356423789,utg,9778,9578,[]
serioushippo677,240356423789,mp,9400,13043,"['4s', 'Ad']"
pico516,240356439035,btn,35862,42904,"['Ad', '9s']"
Dr.Smokealot,240356439035,sb,11472,11422,[]
hotti60,240356439035,bb,9578,9278,[]
serioushippo677,240356439035,utg,13043,5502,[]
Renata RDV,240356439035,mp,14915,14915,[]
Dr.Smokealot,240356449666,btn,11422,11422,[]
hotti60,240356449666,sb,9278,8828,[]
serioushippo677,240356449666,bb,5502,5402,[]
Renata RDV,240356449666,utg,14915,16618,"['3c', 'Qd']"
pico516,240356449666,mp,42904,41575,"['8s', 'Kc']"
serioushippo677,240356464006,btn,5402,5402,[]
Renata RDV,240356464006,sb,16618,16568,[]
pico516,240356464006,bb,41575,41475,[]
Dr.Smokealot,240356464006,utg,11422,11422,[]
JoseLuísJorg,240356464006,mp,10000,10050,[]
Renata RDV,240356470122,btn,16568,16151,"['7s', 'Tc']"
pico516,240356470122,sb,41475,41275,[]
Dr.Smokealot,240356470122,bb,11422,11322,[]
JoseLuísJorg,240356470122,utg,10150,9734,"['6h', 'Td']"
serioushippo677,240356470122,mp,5402,5402,[]
fppat,240381775946,btn,12803,12803,[]
hacke-fire,240381775946,sb,12569,12519,[]
StefanJaros,240381775946,bb,12420,12320,"['Ts', '8h']"
serioushippo677,240381775946,utg,10000,9900,[]
Joe F809,240381775946,mp,7673,7904,"['9s', 'Js']"
hacke-fire,240381786071,btn,12519,12519,[]
StefanJaros,240381786071,sb,12320,12220,[]
serioushippo677,240381786071,bb,9900,17502,"['5s', 'Qd']"
Joe F809,240381786071,utg,7904,0,"['8s', '5c']"
fppat,240381786071,mp,12803,12303,[]
StefanJaros,240381807467,btn,12220,12120,[]
serioushippo677,240381807467,sb,17502,17452,[]
fppat,240381807467,bb,12303,12439,[]
hacke-fire,240381807467,utg,12519,12519,[]
serioushippo677,240381817847,btn,17452,17152,[]
fppat,240381817847,sb,12439,10939,[]
StefanJaros,240381817847,bb,12120,13738,[]
fppat,240381839586,btn,10939,10939,[]
StefanJaros,240381839586,sb,13738,13827,[]
serioushippo677,240381839586,bb,17152,17052,[]
StefanJaros,240381845746,btn,13827,13834,"['Qh', '4c']"
serioushippo677,240381845746,sb,17052,17002,[]
fppat,240381845746,bb,10939,10946,"['Qs', '5c']"
serioushippo677,240381858095,btn,17002,17405,[]
fppat,240381858095,sb,10946,10896,[]
StefanJaros,240381858095,bb,13834,13434,[]
StefanJaros,240381871161,btn,13434,13570,[]
serioushippo677,240381871161,sb,17405,17355,[]
LeftMyMark,240381871161,bb,10000,9900,[]
serioushippo677,240381881935,btn,17355,17355,[]
LeftMyMark,240381881935,sb,9900,9800,[]
fppat,240381881935,bb,10896,11068,[]
StefanJaros,240381881935,utg,13570,13370,[]
fppat,240381893713,btn,11168,11068,[]
StefanJaros,240381893713,sb,13370,14443,[]
serioushippo677,240381893713,bb,17355,16155,[]
StefanJaros,240381917317,btn,14443,13343,[]
serioushippo677,240381917317,sb,16255,16205,[]
themiguelzin,240381917317,bb,5000,4900,[]
LeftMyMark,240381917317,utg,9800,9700,[]
fppat,240381917317,mp,11068,11068,[]
hacke-fire,240381917317,co,12519,13631,[]
serioushippo677,240381936389,btn,16205,16005,[]
themiguelzin,240381936389,sb,4900,4700,[]
fppat,240381936389,bb,11068,10468,"['3h', 'Jh']"
hacke-fire,240381936389,utg,13731,14643,"['Td', 'Kd']"
themiguelzin,240381951585,btn,4700,4700,[]
fppat,240381951585,sb,10468,10418,[]
hacke-fire,240381951585,bb,14643,14693,[]
T_RadW,240381951585,utg,4000,3900,[]
serioushippo677,240381951585,mp,16005,16005,[]
fppat,240381959730,btn,10418,10318,[]
hacke-fire,240381959730,sb,14793,15118,"['8c', '8d']"
serioushippo677,240381959730,bb,16005,15905,[]
themiguelzin,240381959730,utg,4700,4700,[]
LeftMyMark,240381959730,mp,9700,9550,[]
hacke-fire,240381979131,btn,15118,9818,"['8h', 'Ah']"
serioushippo677,240381979131,sb,15905,20855,"['Js', 'Jc']"
themiguelzin,240381979131,bb,4700,4600,[]
LeftMyMark,240381979131,utg,9550,9450,[]
Denaid1711,240381979131,mp,6340,6240,[]
serioushippo677,240382007535,btn,20905,20905,[]
themiguelzin,240382007535,sb,4600,4550,[]
LeftMyMark,240382007535,bb,9450,9350,[]
Denaid1711,240382007535,utg,6240,6140,[]
hacke-fire,240382007535,mp,9818,10218,[]
T_RadW,240382007535,co,3900,3750,[]
themiguelzin,240382012629,btn,4550,4550,[]
LeftMyMark,240382012629,sb,9350,8950,"['9c', '2s']"
Denaid1711,240382012629,bb,6140,6040,[]
hacke-fire,240382012629,utg,10218,10218,[]
T_RadW,240382012629,mp,3750,4200,"['Jd', '6d']"
serioushippo677,240382012629,co,20905,20905,[]
rwilliams348,240375339222,btn,30984,30684,[]
momotic,240375339222,sb,9200,9150,[]
Tapia o_O,240375339222,bb,9850,9550,[]
Satyam63,240375339222,utg,10411,10111,[]
judini777777,240375339222,mp,27089,26057,[]
serioushippo677,240375339222,co,5256,6972,[]
momotic,240375349939,btn,9150,9150,[]
Tapia o_O,240375349939,sb,9550,9500,[]
Satyam63,240375349939,bb,10111,8522,[]
judini777777,240375349939,utg,26057,24468,"['3d', '8d']"
serioushippo677,240375349939,mp,7072,7072,[]
rwilliams348,240375349939,co,30684,33647,"['Jd', 'Jc']"
Tapia o_O,240375358097,btn,9500,8055,[]
Satyam63,240375358097,sb,8522,8022,[]
judini777777,240375358097,bb,24468,23868,[]
serioushippo677,240375358097,utg,7072,7072,[]
rwilliams348,240375358097,mp,33647,35878,"['Jc', 'Td']"
momotic,240375358097,co,9150,9150,[]
Satyam63,240375368281,btn,8022,8022,[]
judini777777,240375368281,sb,23968,23918,[]
serioushippo677,240375368281,bb,7072,7303,[]
rwilliams348,240375368281,utg,35878,35778,[]
momotic,240375368281,mp,9150,9150,[]
Tapia o_O,240375368281,co,8055,7955,[]
judini777777,240375379445,btn,23918,21709,[]
serioushippo677,240375379445,sb,7303,7253,[]
rwilliams348,240375379445,bb,35778,27823,"['2c', '3h']"
momotic,240375379445,utg,9150,8500,[]
Tapia o_O,240375379445,mp,7955,18398,"['Th', 'Qd']"
Satyam63,240375379445,co,8022,7372,[]
serioushippo677,240375389744,btn,7253,15267,"['9h', 'Th']"
rwilliams348,240375389744,sb,27823,27773,[]
momotic,240375389744,bb,8500,8400,[]
Tapia o_O,240375389744,utg,18398,17648,[]
Satyam63,240375389744,mp,7372,119,"['Kh', 'Tc']"
judini777777,240375389744,co,21709,20959,[]
rwilliams348,240375403668,btn,27773,27166,[]
momotic,240375403668,sb,8400,8350,[]
Tapia o_O,240375403668,bb,17648,18922,"['5h', '6s']"
Satyam63,240375403668,utg,119,0,"['4d', 'Ad']"
judini777777,240375403668,mp,20959,20352,[]
serioushippo677,240375403668,co,15267,15267,[]
momotic,240375415344,btn,8350,0,"['3c', '3d']"
Tapia o_O,240375415344,sb,18922,27865,"['4s', '4c']"
judini777777,240375415344,bb,20352,19452,[]
serioushippo677,240375415344,utg,15267,15267,[]
rwilliams348,240375415344,mp,27166,26366,[]
Tapia o_O,240375430044,btn,27865,25086,[]
judini777777,240375430044,sb,19552,16723,[]
serioushippo677,240375430044,bb,15267,15167,[]
rwilliams348,240375430044,utg,26366,31560,[]
judini777777,240375443056,btn,16773,9975,[]
serioushippo677,240375443056,sb,15167,15117,[]
rwilliams348,240375443056,bb,31560,38177,"['3c', '3d']"
Tapia o_O,240375443056,utg,25086,24536,[]
serioushippo677,240375453789,btn,15117,15117,[]
rwilliams348,240375453789,sb,38177,39969,"['3d', 'Kh']"
Tapia o_O,240375453789,bb,24536,24186,[]
judini777777,240375453789,utg,9975,8333,"['2s', '5h']"
rwilliams348,240375463318,btn,39969,39728,[]
Tapia o_O,240375463318,sb,24186,24495,"['As', '5s']"
HotRockQX957,240375463318,bb,10000,9900,[]
judini777777,240375463318,utg,8333,8333,[]
serioushippo677,240375463318,mp,15117,15117,[]
Tapia o_O,240375475026,btn,24495,23695,[]
HotRockQX957,240375475026,sb,9900,9800,[]
judini777777,240375475026,bb,10000,19650,"['Kh', 'Kd']"
serioushippo677,240375475026,utg,15117,15117,[]
rwilliams348,240375475026,mp,39728,29728,"['6s', '4s']"
HotRockQX957,240375488858,btn,9800,9800,[]
judini777777,240375488858,sb,19750,18706,"['Td', '3h']"
serioushippo677,240375488858,bb,15117,16330,"['Kh', '2c']"
rwilliams348,240375488858,utg,29728,29628,[]
Tomate264,240375488858,mp,10000,9900,[]
Tapia o_O,240375488858,co,23695,23595,[]
judini777777,240375496602,btn,18706,19056,[]
serioushippo677,240375496602,sb,16330,16280,[]
rwilliams348,240375496602,bb,29628,29528,[]
Tomate264,240375496602,utg,9900,9900,[]
Tapia o_O,240375496602,mp,23595,23495,[]
HotRockQX957,240375496602,co,9800,9700,[]
serioushippo677,240375501189,btn,16280,16280,[]
rwilliams348,240375501189,sb,29528,28778,[]
Tomate264,240375501189,bb,9900,9150,[]
Tapia o_O,240375501189,utg,23495,23395,[]
HotRockQX957,240375501189,mp,9700,8950,[]
judini777777,240375501189,co,19056,21235,[]
rwilliams348,240375513016,btn,28778,31157,"['Ts', 'As']"
Tomate264,240375513016,sb,9150,8600,"['6c', 'Ah']"
Tapia o_O,240375513016,bb,23395,22845,"['8d', '7h']"
HotRockQX957,240375513016,utg,8950,8400,"['Th', '9s']"
judini777777,240375513016,mp,21235,20785,[]
serioushippo677,240375513016,co,16280,15830,[]
Tomate264,240375531972,btn,8600,8600,[]
Tapia o_O,240375531972,sb,22845,22395,[]
HotRockQX957,240375531972,bb,8400,7950,[]
judini777777,240375531972,utg,20785,21611,[]
serioushippo677,240375531972,mp,15830,15830,[]
rwilliams348,240375531972,co,31157,31157,[]
Tapia o_O,240375543764,btn,22395,21917,[]
HotRockQX957,240375543764,sb,7950,7472,[]
judini777777,240375543764,bb,21611,16715,"['6d', '7s']"
serioushippo677,240375543764,utg,15830,15830,[]
rwilliams348,240375543764,mp,31157,36418,"['6c', 'Td']"
Tomate264,240375543764,co,8600,8600,[]
HotRockQX957,240375560935,btn,7472,7472,[]
judini777777,240375560935,sb,16715,21910,[]
serioushippo677,240375560935,bb,15830,12804,[]
rwilliams348,240375560935,utg,36418,35518,[]
Tomate264,240375560935,mp,8600,7700,[]
Tapia o_O,240375560935,co,21917,21017,[]
judini777777,240375581111,btn,21960,20810,[]
serioushippo677,240375581111,sb,12804,16095,[]
rwilliams348,240375581111,bb,35518,35418,[]
Tomate264,240375581111,utg,7700,6550,[]
Tapia o_O,240375581111,mp,21017,19867,[]
HotRockQX957,240375581111,co,7472,7472,[]
serioushippo677,240375593420,btn,16095,16095,[]
rwilliams348,240375593420,sb,35418,36931,"['Kh', 'Jc']"
Tomate264,240375593420,bb,6550,4850,"['6c', 'Tc']"
Tapia o_O,240375593420,utg,19867,19867,[]
HotRockQX957,240375593420,mp,7472,7472,[]
judini777777,240375593420,co,20810,20810,[]
rwilliams348,240375604585,btn,36931,35731,[]
Tomate264,240375604585,sb,4850,6012,"['Ts', '3s']"
HotRockQX957,240375604585,bb,7472,7372,[]
judini777777,240375604585,utg,20810,20810,[]
serioushippo677,240375604585,mp,16095,16095,[]
Tomate264,240375616140,btn,6012,5212,[]
HotRockQX957,240375616140,sb,7372,9596,[]
judini777777,240375616140,bb,20810,19910,[]
serioushippo677,240375616140,utg,16095,16095,[]
rwilliams348,240375616140,mp,35731,34931,[]
HotRockQX957,240375628396,btn,9596,8996,[]
judini777777,240375628396,sb,20010,22753,"['8s', '8c']"
serioushippo677,240375628396,bb,16095,15995,[]
rwilliams348,240375628396,utg,34931,32536,[]
Tomate264,240375628396,mp,5212,5212,[]
penny-in-fla,240382740356,btn,6676,17437,"['Ah', '9c']"
Andrea in571,240382740356,sb,11828,9878,[]
serioushippo677,240382740356,bb,10000,9900,[]
MarilynGordg,240382740356,utg,2502,2402,[]
Mineraljack31,240382740356,mp,9700,3024,"['Ad', 'Jc']"
pikquik,240382740356,co,14708,11708,[]
Andrea in571,240382777224,btn,10000,9900,[]
serioushippo677,240382777224,sb,9900,9850,[]
MarilynGordg,240382777224,bb,2402,1802,[]
Mineraljack31,240382777224,utg,3024,2924,[]
pikquik,240382777224,mp,11708,11108,[]
penny-in-fla,240382777224,co,17437,18774,[]
serioushippo677,240382803413,btn,9850,9850,[]
MarilynGordg,240382803413,sb,1802,1702,[]
pikquik,240382803413,bb,11108,11197,[]
penny-in-fla,240382803413,utg,18774,18774,[]
MarilynGordg,240382814469,btn,1702,1302,[]
pikquik,240382814469,sb,11197,12643,"['2s', '8c']"
penny-in-fla,240382814469,bb,18774,17574,[]
serioushippo677,240382814469,utg,9850,9850,[]
pikquik,240382831274,btn,12643,13293,[]
penny-in-fla,240382831274,sb,17574,17374,[]
noyara,240382831274,bb,9772,9572,[]
serioushippo677,240382831274,utg,9850,9850,[]
MarilynGordg,240382831274,mp,1302,1102,[]
ELikLit,240382831274,co,10000,9900,[]
penny-in-fla,240382851756,btn,17374,16874,[]
noyara,240382851756,sb,9572,11518,"['6h', '2s']"
serioushippo677,240382851756,bb,9850,9750,[]
MarilynGordg,240382851756,utg,1102,402,[]
ELikLit,240382851756,mp,9900,9800,[]
pikquik,240382851756,co,13293,12593,"['Ks', '9h']"
noyara,240382875908,btn,11518,11418,[]
serioushippo677,240382875908,sb,9750,9700,[]
MarilynGordg,240382875908,bb,402,302,[]
ELikLit,240382875908,utg,9800,9700,[]
pikquik,240382875908,mp,12593,12493,[]
penny-in-fla,240382875908,co,16874,17294,[]
serioushippo677,240382888818,btn,9700,10748,[]
MarilynGordg,240382888818,sb,302,252,[]
ELikLit,240382888818,bb,9700,9600,[]
pikquik,240382888818,utg,12493,11793,[]
penny-in-fla,240382888818,mp,17294,16994,[]
MarilynGordg,240382916819,btn,252,0,"['Td', '9d']"
ELikLit,240382916819,sb,9600,9550,[]
pikquik,240382916819,bb,11793,11493,[]
penny-in-fla,240382916819,utg,16994,16994,[]
voll narr007,240382916819,mp,10000,9700,[]
serioushippo677,240382916819,co,10748,11584,"['Ts', 'Ad']"
ELikLit,240382930460,btn,9550,9550,[]
pikquik,240382930460,sb,11493,11110,[]
penny-in-fla,240382930460,bb,16994,17697,[]
voll narr007,240382930460,utg,9700,9317,[]
serioushippo677,240382930460,mp,11584,11584,[]
pikquik,240382949948,btn,11110,11010,[]
penny-in-fla,240382949948,sb,17697,17597,[]
voll narr007,240382949948,bb,9317,10390,[]
serioushippo677,240382949948,utg,11584,11584,[]
paulo cés123,240382949948,mp,4000,3900,[]
BadFoxNF637,240382949948,co,10000,9000,[]
penny-in-fla,240382973829,btn,17597,17597,[]
voll narr007,240382973829,sb,10490,11104,[]
serioushippo677,240382973829,bb,11584,11484,[]
paulo cés123,240382973829,utg,3900,3800,[]
pikquik,240382973829,mp,11010,10532,[]
voll narr007,240382992730,btn,11104,10904,[]
serioushippo677,240382992730,sb,11484,13408,[]
paulo cés123,240382992730,bb,3800,3033,[]
BadFoxNF637,240382992730,utg,9000,8233,[]
pikquik,240382992730,mp,10532,10332,[]
penny-in-fla,240382992730,co,17597,17397,[]
serioushippo677,240383020455,btn,13458,13458,[]
paulo cés123,240383020455,sb,3033,2983,[]
BadFoxNF637,240383020455,bb,8233,0,"['Qd', '5c']"
pikquik,240383020455,utg,10332,18132,"['Jd', '6d']"
penny-in-fla,240383020455,mp,17397,17397,[]
voll narr007,240383020455,co,10904,10454,[]
paulo cés123,240383038557,btn,2983,3166,"['Jh', '8s']"
pikquik,240383038557,sb,18132,18032,"['3c', 'Th']"
penny-in-fla,240383038557,bb,17397,17297,[]
serioushippo677,240383038557,utg,13458,13458,[]
pikquik,240383059424,btn,18032,17932,[]
penny-in-fla,240383059424,sb,17297,17842,[]
CamiloRad,240383059424,bb,10000,9600,[]
serioushippo677,240383059424,utg,13458,13458,[]
paulo cés123,240383059424,mp,3166,3066,[]
penny-in-fla,240383085863,btn,17842,17742,[]
CamiloRad,240383085863,sb,9600,9200,[]
serioushippo677,240383085863,bb,13458,10292,"['Ac', '9s']"
paulo cés123,240383085863,utg,3066,6551,"['5h', '6s']"
pikquik,240383085863,mp,17932,17632,[]
Camila_CC461,240407210151,btn,37347,37247,[]
ocsi888888,240407210151,sb,2207,2157,[]
Luizão993,240407210151,bb,12389,12289,[]
kalifa_al,240407210151,utg,10203,10203,[]
ValentinU764,240407210151,mp,16758,16758,[]
serioushippo677,240407210151,co,10000,10231,[]
ocsi888888,240407230162,btn,2157,1757,[]
Luizão993,240407230162,sb,12289,11889,[]
zeppelinsuar,240407230162,bb,10000,9600,[]
ValentinU764,240407230162,utg,16758,0,"['Qd', '9h']"
serioushippo677,240407230162,mp,10231,10231,[]
Camila_CC461,240407230162,co,37247,53296,"['6c', 'Kc']"
Luizão993,240407248705,btn,11889,2645,"['Jd', 'Ks']"
zeppelinsuar,240407248705,sb,9600,27877,"['Ah', '8d']"
ValentinU764,240407248705,bb,10000,-100,"['2c', 'Ts']"
serioushippo677,240407248705,utg,10231,10231,[]
Camila_CC461,240407248705,mp,53296,52596,[]
ocsi888888,240407248705,co,1757,1757,[]
zeppelinsuar,240407264682,btn,27877,27777,[]
ValentinU764,240407264682,sb,10000,8193,"['Js', '8h']"
serioushippo677,240407264682,bb,10231,8781,[]
Camila_CC461,240407264682,utg,52596,51146,[]
ocsi888888,240407264682,mp,1757,7526,"['Kc', '9s']"
Luizão993,240407264682,co,2645,1195,[]
ValentinU764,240407280477,btn,8243,7048,"['5d', '9c']"
serioushippo677,240407280477,sb,8781,8731,[]
Camila_CC461,240407280477,bb,51146,51046,[]
ocsi888888,240407280477,utg,7526,7426,[]
Luizão993,240407280477,mp,1195,2589,"['8c', 'Js']"
zeppelinsuar,240407280477,co,27777,27677,[]
serioushippo677,240407292909,btn,8731,8731,[]
Camila_CC461,240407292909,sb,51046,50996,[]
ocsi888888,240407292909,bb,7426,7326,[]
Luizão993,240407292909,utg,2589,5129,"['7c', 'Ah']"
zeppelinsuar,240407292909,mp,27677,27577,[]
ValentinU764,240407292909,co,7048,4459,"['8d', 'Td']"
Camila_CC461,240407301101,btn,50996,46537,"['5h', '4h']"
ocsi888888,240407301101,sb,7326,7276,[]
Luizão993,240407301101,bb,5129,670,"['Th', 'Ad']"
FKova,240407301101,utg,10000,13892,"['Kc', 'Ah']"
ValentinU764,240407301101,mp,4459,8451,"['As', 'Kh']"
serioushippo677,240407301101,co,8731,8731,[]
caro391,240407353321,btn,9850,6393,"['7s', 'As']"
pinask,240407353321,sb,3457,6673,"['5d', '5s']"
microfaradio 2,240407353321,bb,12493,12393,[]
gregorio731,240407353321,utg,6930,6930,[]
serioushippo677,240407353321,mp,10000,9900,[]
pinask,240407364323,btn,6723,6723,[]
microfaradio 2,240407364323,sb,12393,11843,[]
gregorio731,240407364323,bb,6930,537,"['Ks', 'Td']"
serioushippo677,240407364323,utg,9900,9900,[]
marire63,240407364323,mp,10000,9500,[]
caro391,240407364323,co,6393,13028,"['Ad', '3d']"
microfaradio 2,240407380991,btn,11893,21487,"['4c', '9h']"
gregorio731,240407380991,sb,537,2632,"['Jd', 'Jh']"
serioushippo677,240407380991,bb,9900,9800,[]
marire63,240407380991,utg,9500,8950,[]
caro391,240407380991,mp,13028,1135,"['6h', '6c']"
luybezniy28,240407380991,co,5000,4350,[]
gregorio731,240407395310,btn,2632,0,"['Jd', '7s']"
serioushippo677,240407395310,sb,9800,9750,[]
marire63,240407395310,bb,8950,0,"['9c', '9h']"
caro391,240407395310,utg,1135,1135,[]
luybezniy28,240407395310,mp,4450,15150,"['9s', '8d']"
microfaradio 2,240407395310,co,21487,21042,"['Td', '4d']"
serioushippo677,240407407247,btn,9750,9750,[]
caro391,240407407247,sb,1135,0,"['8d', '9c']"
luybezniy28,240407407247,bb,15150,16522,"['2s', 'Td']"
microfaradio 2,240407407247,utg,21042,20659,[]
luybezniy28,240407425121,btn,16522,19935,"['Tc', '6h']"
microfaradio 2,240407425121,sb,20659,18825,"['7c', '2h']"
serioushippo677,240407425121,bb,9750,7816,[]
marire63,240407425121,utg,10000,9950,[]
microfaradio 2,240407442109,btn,18825,18325,[]
serioushippo677,240407442109,sb,7916,16888,"['9c', '9d']"
marire63,240407442109,bb,9950,9850,[]
caro391,240407442109,utg,10000,2084,"['Td', '6d']"
luybezniy28,240407442109,mp,19935,18443,[]
serioushippo677,240407465836,btn,16938,16938,[]
marire63,240407465836,sb,9850,9750,[]
caro391,240407465836,bb,2084,4122,"['Ks', 'Qh']"
luybezniy28,240407465836,utg,18443,16359,"['3d', '5d']"
microfaradio 2,240407465836,mp,18325,18225,[]
1anghel1,240407465836,co,6006,5906,[]
marire63,240407476463,btn,9750,19845,"['Ks', 'Kh']"
caro391,240407476463,sb,4222,4172,[]
luybezniy28,240407476463,bb,16359,6609,"['6c', 'Ah']"
microfaradio 2,240407476463,utg,18225,18125,[]
1anghel1,240407476463,mp,5906,5806,[]
serioushippo677,240407476463,co,16938,15688,[]
caro391,240407503170,btn,4172,0,"['Qh', '5h']"
luybezniy28,240407503170,sb,6609,-50,"['7s', '3s']"
microfaradio 2,240407503170,bb,18125,33909,"['8d', 'Th']"
1anghel1,240407503170,utg,5806,0,"['5d', '8c']"
serioushippo677,240407503170,mp,15688,15688,[]
marire63,240407503170,co,19845,19345,[]
microfaradio 2,240407534273,btn,33909,33809,[]
serioushippo677,240407534273,sb,15688,15638,[]
marire63,240407534273,bb,19345,19481,"['Kh', '2c']"
JGFM81,240407709083,btn,23082,22982,[]
theriver567,240407709083,sb,27753,27653,[]
J. Aspitia,240407709083,bb,17404,17204,[]
NIKI-Z565,240407709083,utg,15117,15117,[]
Roadking1ajb,240407709083,mp,9737,10198,[]
serioushippo677,240407709083,co,10000,9900,[]
theriver567,240407744575,btn,27653,27653,[]
J. Aspitia,240407744575,sb,17204,17104,[]
NIKI-Z565,240407744575,bb,15117,14817,[]
Roadking1ajb,240407744575,utg,10198,10559,[]
serioushippo677,240407744575,mp,9900,9900,[]
JGFM81,240407744575,co,22982,22982,[]
J. Aspitia,240407767435,btn,17104,17004,[]
NIKI-Z565,240407767435,sb,14817,14717,[]
Roadking1ajb,240407767435,bb,10559,10459,[]
serioushippo677,240407767435,utg,9900,9900,[]
JGFM81,240407767435,mp,22982,22382,[]
theriver567,240407767435,co,27653,28470,[]
NIKI-Z565,240407797539,btn,14717,13803,[]
Roadking1ajb,240407797539,sb,10459,10359,[]
serioushippo677,240407797539,bb,9900,8886,[]
JGFM81,240407797539,utg,22382,22382,[]
theriver567,240407797539,mp,28470,28170,[]
J. Aspitia,240407797539,co,17004,19059,[]
Roadking1ajb,240407820840,btn,10359,10359,[]
serioushippo677,240407820840,sb,8986,8636,[]
JGFM81,240407820840,bb,22382,0,"['Qh', 'Jh']"
theriver567,240407820840,utg,28170,49082,"['Kd', 'Ad']"
J. Aspitia,240407820840,mp,19059,18709,[]
NIKI-Z565,240407820840,co,13803,13453,[]
serioushippo677,240407846592,btn,8636,9517,[]
theriver567,240407846592,sb,49082,49032,[]
J. Aspitia,240407846592,bb,18709,18409,[]
NIKI-Z565,240407846592,utg,13453,13153,[]
Roadking1ajb,240407846592,mp,10359,10059,[]
theriver567,240407858239,btn,49032,51635,"['Qs', 'Ad']"
J. Aspitia,240407858239,sb,18409,15909,"['Kc', '3d']"
NIKI-Z565,240407858239,bb,13153,13053,[]
Roadking1ajb,240407858239,utg,10059,9759,[]
serioushippo677,240407858239,mp,9517,9517,[]
J. Aspitia,240407880281,btn,15909,15559,[]
NIKI-Z565,240407880281,sb,13053,12703,[]
Roadking1ajb,240407880281,bb,9759,9409,[]
serioushippo677,240407880281,utg,9517,9517,[]
theriver567,240407880281,mp,51635,52608,[]
NIKI-Z565,240407896315,btn,12703,12703,[]
serioushippo677,240407896315,sb,9517,9467,[]
theriver567,240407896315,bb,52608,52508,[]
J. Aspitia,240407896315,utg,15559,15709,[]
serioushippo677,240407900381,btn,9467,6418,[]
theriver567,240407900381,sb,52508,52458,[]
J. Aspitia,240407900381,bb,15709,15409,[]
NIKI-Z565,240407900381,utg,12703,15747,"['As', '2d']"
theriver567,240407917785,btn,52458,52258,[]
J. Aspitia,240407917785,sb,15409,15209,"['4s', '7d']"
NIKI-Z565,240407917785,bb,15747,15547,[]
al_bandicoot,240407917785,utg,10000,10745,"['Jd', 'Th']"
serioushippo677,240407917785,mp,6418,6218,[]
J. Aspitia,240407950180,btn,15209,15109,[]
NIKI-Z565,240407950180,sb,15547,15447,[]
al_bandicoot,240407950180,bb,10745,10928,[]
serioushippo677,240407950180,utg,6218,6218,[]
theriver567,240407950180,mp,52258,52258,[]
NIKI-Z565,240407963787,btn,15447,15247,[]
al_bandicoot,240407963787,sb,10928,12813,[]
serioushippo677,240407963787,bb,6218,6118,[]
theriver567,240407963787,utg,52258,51358,[]
J. Aspitia,240407963787,mp,15109,14209,[]
al_bandicoot,240407984057,btn,12863,12863,[]
serioushippo677,240407984057,sb,6118,6068,[]
theriver567,240407984057,bb,51358,50108,[]
J. Aspitia,240407984057,utg,14209,13759,[]
NIKI-Z565,240407984057,mp,15247,16743,[]
serioushippo677,240408005126,btn,6068,5568,[]
theriver567,240408005126,sb,50208,49658,[]
J. Aspitia,240408005126,bb,13759,13659,[]
NIKI-Z565,240408005126,utg,16743,16243,[]
al_bandicoot,240408005126,mp,12863,14347,[]
theriver567,240408022424,btn,49708,49708,[]
J. Aspitia,240408022424,sb,13659,14966,[]
NIKI-Z565,240408022424,bb,16243,15943,[]
al_bandicoot,240408022424,utg,14347,13197,[]
serioushippo677,240408022424,mp,5568,5568,[]
J. Aspitia,240408041393,btn,14966,14866,[]
NIKI-Z565,240408041393,sb,15943,15843,[]
al_bandicoot,240408041393,bb,13197,13397,[]
serioushippo677,240408041393,utg,5568,5568,[]
MAXIMO1313,240408041393,mp,10000,9900,[]
theriver567,240408041393,co,49708,49708,[]
fun5050,240417806900,btn,4272,4272,[]
tseembaa,240417806900,sb,12487,12387,[]
Bill22gold,240417806900,bb,16606,16506,[]
margi211,240417806900,utg,40985,41263,[]
serioushippo677,240417806900,mp,10000,9900,[]
tseembaa,240417819534,btn,12387,12387,[]
Bill22gold,240417819534,sb,16506,16689,"['Ac', '6d']"
margi211,240417819534,bb,41263,41163,[]
serioushippo677,240417819534,utg,9900,9900,[]
fun5050,240417819534,mp,4272,4172,[]
Bill22gold,240417832245,btn,16689,18057,"['Kh', 'Kd']"
margi211,240417832245,sb,41163,40863,[]
serioushippo677,240417832245,bb,9900,8900,"['5s', '5h']"
fun5050,240417832245,utg,4172,4172,[]
HDGaryD,240417832245,mp,10000,9700,[]
serioushippo677,240417849131,btn,9000,9000,[]
HDGaryD,240417849131,sb,9700,9000,[]
Bill22gold,240417849131,bb,18057,18680,"['Kc', 'Ac']"
HDGaryD,240417862906,btn,9000,9183,[]
Bill22gold,240417862906,sb,18680,18580,[]
DraQ87,240417862906,bb,4000,3900,[]
serioushippo677,240417862906,utg,9000,9000,[]
Bill22gold,240417869197,btn,18580,18480,[]
DraQ87,240417869197,sb,3900,4267,"['9d', '3s']"
serioushippo677,240417869197,bb,9000,8900,[]
HDGaryD,240417869197,utg,9183,8983,[]
DraQ87,240417881176,btn,4267,3967,[]
serioushippo677,240417881176,sb,8900,11573,"['Ks', 'Qh']"
HDGaryD,240417881176,bb,8983,6560,[]
Bill22gold,240417881176,utg,18480,18180,[]
serioushippo677,240417906229,btn,11623,11623,[]
HDGaryD,240417906229,sb,6560,7699,"['3s', 'Ks']"
Bill22gold,240417906229,bb,18180,18080,[]
DraQ87,240417906229,utg,3967,2900,[]
Roga D46,240417906229,mp,10000,9900,[]
HDGaryD,240417922197,btn,7699,7499,[]
Bill22gold,240417922197,sb,18080,17880,[]
DraQ87,240417922197,bb,2900,2700,[]
Roga D46,240417922197,utg,9900,11486,"['Qs', '2s']"
serioushippo677,240417922197,mp,11623,11623,[]
victorgau,240417922197,co,10000,8755,[]
Bill22gold,240417946309,btn,17880,17780,[]
DraQ87,240417946309,sb,2700,2600,[]
Roga D46,240417946309,bb,11486,11386,[]
serioushippo677,240417946309,utg,11623,11623,[]
victorgau,240417946309,mp,8855,9133,[]
DraQ87,240417953062,btn,2600,2500,[]
Roga D46,240417953062,sb,11386,11286,[]
serioushippo677,240417953062,bb,11623,11523,[]
victorgau,240417953062,utg,9133,7196,"['3d', '4s']"
Bill22gold,240417953062,mp,17780,19787,"['Jh', 'Qd']"
Roga D46,240417967080,btn,11286,12031,"['Qh', 'Qc']"
serioushippo677,240417967080,sb,11523,11273,"['7c', 'As']"
victorgau,240417967080,bb,7196,6996,[]
HDGaryD,240417967080,utg,7499,7299,[]
Bill22gold,240417967080,mp,19787,19587,[]
DraQ87,240417967080,co,2500,2500,[]
serioushippo677,240417985551,btn,11323,11323,[]
victorgau,240417985551,sb,6996,6696,[]
HDGaryD,240417985551,bb,7299,6999,[]
Bill22gold,240417985551,utg,19587,19187,[]
DraQ87,240417985551,mp,2500,2100,[]
Roga D46,240417985551,co,12031,13332,[]
victorgau,240418009597,btn,6696,8282,[]
HDGaryD,240418009597,sb,6999,5429,[]
Bill22gold,240418009597,bb,19187,19087,[]
DraQ87,240418009597,utg,2100,2100,[]
Roga D46,240418009597,mp,13332,13232,[]
serioushippo677,240418009597,co,11323,11323,[]
Bill22gold,240418033846,btn,19087,19087,[]
DraQ87,240418033846,sb,2100,4013,"['Ks', 'Kd']"
Roga D46,240418033846,bb,13232,13132,[]
serioushippo677,240418033846,utg,11323,11323,[]
victorgau,240418033846,mp,8282,6182,"['7h', 'Kh']"
DraQ87,240418042635,btn,4063,4063,[]
Roga D46,240418042635,sb,13132,13082,[]
serioushippo677,240418042635,bb,11323,11223,[]
victorgau,240418042635,utg,6182,6332,[]
Bill22gold,240418042635,mp,19087,19087,[]
Roga D46,240418045227,btn,13082,19143,"['Td', '4d']"
serioushippo677,240418045227,sb,11223,11173,[]
victorgau,240418045227,bb,6332,-100,"['6c', '7c']"
Bill22gold,240418045227,utg,19087,18887,[]
DraQ87,240418045227,mp,4063,3863,[]
serioushippo677,240418063534,btn,11173,10473,[]
HDGaryD,240418063534,sb,5429,4729,"['Ad', '4d']"
Bill22gold,240418063534,bb,18887,18587,[]
DraQ87,240418063534,utg,3863,5714,"['9c', 'Ts']"
Roga D46,240418063534,mp,19143,18843,[]
HDGaryD,240418085932,btn,4729,4429,[]
Bill22gold,240418085932,sb,18587,18287,[]
DraQ87,240418085932,bb,5714,-100,"['7h', '7d']"
Roga D46,240418085932,utg,18843,18743,[]
serioushippo677,240418085932,mp,10473,10173,[]
victorgau,240418085932,co,10000,16028,"['6h', 'As']"
Bill22gold,240418098183,btn,18287,18087,[]
Roga D46,240418098183,sb,18743,18543,[]
serioushippo677,240418098183,bb,10173,9573,[]
victorgau,240418098183,utg,16028,15528,[]
HDGaryD,240418098183,mp,4429,5724,[]
mihran6971,240426917878,btn,13499,13499,[]
betocasagrande,240426917878,sb,18073,17973,[]
jamivicente,240426917878,bb,27430,17430,"['6h', '5c']"
EL FIERA1972,240426917878,utg,19546,19257,[]
serioushippo677,240426917878,mp,10000,19268,"['Jd', '9h']"
betocasagrande,240426938179,btn,17973,17673,[]
jamivicente,240426938179,sb,17430,19748,"['8d', '9s']"
EL FIERA1972,240426938179,bb,19257,18457,[]
katya.dizain,240426938179,utg,10000,9700,[]
serioushippo677,240426938179,mp,19268,18468,[]
mihran6971,240426938179,co,13499,13199,[]
jamivicente,240426959442,btn,19748,20120,[]
EL FIERA1972,240426959442,sb,18457,18357,[]
katya.dizain,240426959442,bb,9700,9600,[]
serioushippo677,240426959442,utg,18468,18468,[]
mihran6971,240426959442,mp,13199,13099,[]
betocasagrande,240426959442,co,17673,17573,[]
EL FIERA1972,240426990075,btn,18357,18257,[]
katya.dizain,240426990075,sb,9600,9500,[]
serioushippo677,240426990075,bb,18468,18368,[]
mihran6971,240426990075,utg,13099,13471,[]
betocasagrande,240426990075,mp,17573,17573,[]
jamivicente,240426990075,co,20120,20020,[]
katya.dizain,240427007284,btn,9500,9825,[]
serioushippo677,240427007284,sb,18368,18318,[]
mihran6971,240427007284,bb,13471,13371,[]
betocasagrande,240427007284,utg,17573,17573,[]
jamivicente,240427007284,mp,20020,19920,[]
EL FIERA1972,240427007284,co,18257,18157,[]
serioushippo677,240427034042,btn,18318,18318,[]
mihran6971,240427034042,sb,13371,13271,[]
betocasagrande,240427034042,bb,17573,21683,"['Jh', 'Jc']"
jamivicente,240427034042,utg,19920,19820,[]
EL FIERA1972,240427034042,mp,18157,13857,[]
katya.dizain,240427034042,co,9825,9725,[]
mihran6971,240427071162,btn,13271,13271,[]
betocasagrande,240427071162,sb,21683,21633,[]
jamivicente,240427071162,bb,19820,19720,[]
EL FIERA1972,240427071162,utg,13857,14007,[]
katya.dizain,240427071162,mp,9725,9725,[]
serioushippo677,240427071162,co,18318,18318,[]
betocasagrande,240427078062,btn,21633,21633,[]
jamivicente,240427078062,sb,19720,19670,[]
EL FIERA1972,240427078062,bb,14007,10707,[]
katya.dizain,240427078062,utg,9725,9625,[]
serioushippo677,240427078062,mp,18318,18318,[]
mihran6971,240427078062,co,13271,16350,[]
jamivicente,240427090798,btn,19670,19370,[]
EL FIERA1972,240427090798,sb,10707,11657,[]
katya.dizain,240427090798,bb,9625,9525,[]
serioushippo677,240427090798,utg,18318,18018,[]
mihran6971,240427090798,mp,16350,16050,[]
betocasagrande,240427090798,co,21633,21633,[]
EL FIERA1972,240427106302,btn,11707,2182,"['8h', '4h']"
katya.dizain,240427106302,sb,9525,18732,"['6h', 'Qh']"
serioushippo677,240427106302,bb,18018,17682,[]
mihran6971,240427106302,utg,16050,16050,[]
betocasagrande,240427106302,mp,21633,21533,[]
jamivicente,240427106302,co,19370,19034,[]
katya.dizain,240427126029,btn,18732,18632,[]
serioushippo677,240427126029,sb,17682,18054,[]
mihran6971,240427126029,bb,16050,15950,[]
jamivicente,240427126029,utg,19034,18934,[]
EL FIERA1972,240427126029,mp,2182,2082,[]
serioushippo677,240427145008,btn,18054,18054,[]
mihran6971,240427145008,sb,15950,15900,[]
jamivicente,240427145008,bb,18934,18834,[]
EL FIERA1972,240427145008,utg,2082,2232,[]
katya.dizain,240427145008,mp,18632,18632,[]
mihran6971,240427154994,btn,15900,13892,[]
jamivicente,240427154994,sb,18834,17826,[]
EL FIERA1972,240427154994,bb,10000,9700,[]
katya.dizain,240427154994,utg,18632,18332,[]
serioushippo677,240427154994,mp,18054,21361,"['Ac', '3h']"
jamivicente,240427179863,btn,17826,23320,"['9s', '7c']"
EL FIERA1972,240427179863,sb,9700,9400,[]
katya.dizain,240427179863,bb,18332,14310,"['Ts', 'Qh']"
serioushippo677,240427179863,utg,21361,19785,[]
mihran6971,240427179863,mp,13892,13892,[]
betocasagrande,240427179863,co,21533,21383,[]
EL FIERA1972,240427207640,btn,9400,9100,[]
katya.dizain,240427207640,sb,14310,14210,[]
serioushippo677,240427207640,bb,19785,15829,[]
mihran6971,240427207640,utg,13892,13592,[]
betocasagrande,240427207640,mp,21383,17527,[]
jamivicente,240427207640,co,23320,31057,"['8c', '4s']"
serioushippo677,240427241002,btn,15929,15929,[]
mihran6971,240427241002,sb,13592,13964,"['Ah', '6c']"
betocasagrande,240427241002,bb,17527,17427,[]
jamivicente,240427241002,utg,31057,30957,[]
EL FIERA1972,240427241002,mp,9100,9000,[]
mikimaus221,240427241002,co,10000,9900,[]
mihran6971,240427272874,btn,13964,13864,[]
betocasagrande,240427272874,sb,17427,17327,[]
jamivicente,240427272874,bb,30957,30857,[]
EL FIERA1972,240427272874,utg,9000,9000,[]
mikimaus221,240427272874,mp,9900,10178,[]
serioushippo677,240427272874,co,15929,15929,[]
betocasagrande,240427299550,btn,17327,18767,[]
jamivicente,240427299550,sb,30857,30757,[]
mikimaus221,240427299550,bb,10178,9978,[]
serioushippo677,240427299550,utg,15929,15929,[]
mihran6971,240427299550,mp,13864,12564,[]
jamivicente,240427337881,btn,30757,30657,[]
mikimaus221,240427337881,sb,9978,11948,"['Ah', 'Tc']"
serioushippo677,240427337881,bb,15929,14128,"['Ac', '7h']"
mihran6971,240427337881,utg,12564,12275,[]
betocasagrande,240427337881,mp,18767,18767,[]
mikimaus221,240427371381,btn,11948,13616,"['Kc', '9d']"
serioushippo677,240427371381,sb,14128,14078,[]
mihran6971,240427371381,bb,12275,11875,[]
rolandomauro,240427371381,utg,4000,3300,[]
jamivicente,240427371381,mp,30657,30357,[]
EL FIERA1972,240427371381,co,9000,8550,[]
serioushippo677,240427408928,btn,14078,13778,[]
mihran6971,240427408928,sb,11875,20335,"['4c', '3c']"
rolandomauro,240427408928,bb,3400,3100,[]
jamivicente,240427408928,utg,30357,30057,[]
EL FIERA1972,240427408928,mp,8550,0,"['9h', 'Qh']"
mikimaus221,240427408928,co,13616,13616,[]
mihran6971,240427428709,btn,20335,19468,[]
rolandomauro,240427428709,sb,3100,2800,[]
jamivicente,240427428709,bb,30057,31931,"['Kh', 'Qc']"
mikimaus221,240427428709,utg,13616,13616,[]
serioushippo677,240427428709,mp,13778,12911,[]
boboman2,240422958621,btn,10576,10476,[]
Tavo624,240422958621,sb,17285,17085,"['3d', '6h']"
FrantisekMayer,240422958621,bb,3100,3000,[]
kire0507,240422958621,utg,29446,29346,[]
serioushippo677,240422958621,mp,10000,9900,[]
barros1258,240422958621,co,66620,67176,"['5d', 'Qs']"
Tavo624,240423005258,btn,17085,17085,[]
FrantisekMayer,240423005258,sb,3000,2950,[]
serioushippo677,240423005258,bb,9900,9800,[]
barros1258,240423005258,utg,67176,67076,[]
boboman2,240423005258,mp,10476,10726,[]
FrantisekMayer,240423017243,btn,2950,1505,[]
serioushippo677,240423017243,sb,9800,11981,"['As', '7s']"
barros1258,240423017243,bb,67076,66476,[]
boboman2,240423017243,utg,10726,10226,[]
Tavo624,240423017243,mp,17085,17085,[]
ayogipa8,240431722751,btn,13608,13508,[]
ionilie123,240431722751,sb,12996,13274,[]
bagrones,240431722751,bb,29866,29766,[]
Cambust,240431722751,utg,7396,7396,[]
serioushippo677,240431722751,mp,10000,9900,[]
ionilie123,240431727646,btn,13274,13274,[]
bagrones,240431727646,sb,29766,29266,[]
Cambust,240431727646,bb,7396,7296,[]
serioushippo677,240431727646,utg,9900,11585,"['Tc', 'Td']"
ayogipa8,240431727646,mp,13508,12252,[]
bagrones,240431733201,btn,29266,31028,"['5h', '8h']"
Cambust,240431733201,sb,7296,6696,[]
serioushippo677,240431733201,bb,11585,11485,[]
ayogipa8,240431733201,utg,12252,11652,[]
ionilie123,240431733201,mp,13274,12674,[]
Cambust,240431742352,btn,6696,6696,[]
serioushippo677,240431742352,sb,11485,11435,[]
ayogipa8,240431742352,bb,11652,11552,"['5h', '3c']"
ionilie123,240431742352,utg,12674,12574,[]
bagrones,240431742352,mp,31028,31259,"['9c', '2d']"
serioushippo677,240431747029,btn,11435,11135,[]
ayogipa8,240431747029,sb,11552,18899,"['7d', 'Ks']"
ionilie123,240431747029,bb,12574,8901,[]
bagrones,240431747029,utg,31259,31159,[]
stack4meall,240431747029,mp,4036,0,"['Kc', 'Jc']"
ayogipa8,240431754023,btn,18899,18899,[]
ionilie123,240431754023,sb,9001,9090,"['Jh', '9c']"
bagrones,240431754023,bb,31159,31059,[]
serioushippo677,240431754023,utg,11135,11135,[]
ionilie123,240431757383,btn,9090,9090,[]
bagrones,240431757383,sb,31059,30559,[]
TAlexandr2716,240431757383,bb,10000,12231,"['3s', 'Qh']"
serioushippo677,240431757383,utg,11135,9690,[]
ayogipa8,240431757383,mp,18899,18399,[]
bagrones,240431767957,btn,30559,31966,"['Qd', 'Qs']"
TAlexandr2716,240431767957,sb,12231,12131,[]
serioushippo677,240431767957,bb,9690,8640,[]
ayogipa8,240431767957,utg,18399,18199,[]
ionilie123,240431767957,mp,9090,8890,[]
TAlexandr2716,240431776192,btn,12131,12131,[]
serioushippo677,240431776192,sb,8640,8590,[]
ayogipa8,240431776192,bb,18199,18099,[]
ionilie123,240431776192,utg,8890,8790,[]
bagrones,240431776192,mp,31966,31866,[]
Goldbuster1,240431776192,co,10000,10325,[]
serioushippo677,240431782894,btn,8590,9424,"['Jd', 'Js']"
ayogipa8,240431782894,sb,18099,17799,"['5h', '4h']"
ionilie123,240431782894,bb,8790,8490,[]
bagrones,240431782894,utg,31866,31566,[]
Goldbuster1,240431782894,mp,10325,10325,[]
TAlexandr2716,240431782894,co,12131,12131,[]
ayogipa8,240431790029,btn,17799,17399,[]
ionilie123,240431790029,sb,8490,8440,[]
bagrones,240431790029,bb,31566,31166,[]
Goldbuster1,240431790029,utg,10325,12218,"['Jd', 'Jh']"
TAlexandr2716,240431790029,mp,12131,10906,[]
serioushippo677,240431790029,co,9424,9424,[]
ionilie123,240431796942,btn,8440,9409,"['5d', '4s']"
bagrones,240431796942,sb,31166,30183,[]
Goldbuster1,240431796942,bb,12218,12118,[]
TAlexandr2716,240431796942,utg,10906,10906,[]
serioushippo677,240431796942,mp,9424,9424,[]
ayogipa8,240431796942,co,17399,17399,[]
bagrones,240431803031,btn,30183,29611,[]
Goldbuster1,240431803031,sb,12118,12018,[]
TAlexandr2716,240431803031,bb,10906,10334,[]
serioushippo677,240431803031,utg,9424,9424,[]
ayogipa8,240431803031,mp,17399,16827,[]
ionilie123,240431803031,co,9409,11094,[]
Goldbuster1,240431814232,btn,12018,12018,[]
TAlexandr2716,240431814232,sb,10334,10706,"['7h', 'Kh']"
serioushippo677,240431814232,bb,9424,9324,[]
ayogipa8,240431814232,utg,16827,16727,[]
ionilie123,240431814232,mp,11094,10994,[]
bagrones,240431814232,co,29611,29511,[]
TAlexandr2716,240431824232,btn,10706,9106,[]
serioushippo677,240431824232,sb,9324,9274,[]
ayogipa8,240431824232,bb,16727,16627,[]
ionilie123,240431824232,utg,10994,10794,[]
bagrones,240431824232,mp,29511,32778,"['Kc', '6c']"
Goldbuster1,240431824232,co,12018,10418,[]
serioushippo677,240431833955,btn,9274,19270,"['Qd', 'Ac']"
ayogipa8,240431833955,sb,16627,7353,"['8d', '7c']"
ionilie123,240431833955,bb,10794,10694,[]
bagrones,240431833955,utg,32778,31978,[]
Goldbuster1,240431833955,mp,10418,9474,[]
TAlexandr2716,240431833955,co,9106,9106,[]
ayogipa8,240431843271,btn,7353,0,"['6s', 'Tc']"
ionilie123,240431843271,sb,10694,17805,"['Jd', 'Jc']"
bagrones,240431843271,bb,31978,31878,[]
Goldbuster1,240431843271,utg,10000,9900,[]
TAlexandr2716,240431843271,mp,9106,9006,[]
serioushippo677,240431843271,co,19270,18970,[]
ionilie123,240431847934,btn,17805,16791,[]
bagrones,240431847934,sb,31878,31578,[]
Goldbuster1,240431847934,bb,10000,9900,[]
TAlexandr2716,240431847934,utg,9006,11245,"['Ad', '3h']"
serioushippo677,240431847934,mp,18970,17956,[]
bagrones,240431854138,btn,31578,30847,[]
Goldbuster1,240431854138,sb,10000,9950,[]
TAlexandr2716,240431854138,bb,11245,10814,[]
serioushippo677,240431854138,utg,17956,17956,[]
ayogipa8,240431854138,mp,10000,10000,[]
ionilie123,240431854138,co,16791,17896,"['8d', 'Tc']"
Goldbuster1,240431863867,btn,10000,10000,[]
TAlexandr2716,240431863867,sb,10814,13594,"['Ac', 'As']"
serioushippo677,240431863867,bb,17956,17356,[]
ayogipa8,240431863867,utg,10000,8200,"['7s', 'Td']"
ionilie123,240431863867,mp,17896,17796,[]
bagrones,240431863867,co,30847,30247,[]
TAlexandr2716,240431876344,btn,13644,13544,[]
serioushippo677,240431876344,sb,17356,17306,[]
ayogipa8,240431876344,bb,8200,8450,[]
ionilie123,240431876344,utg,17796,17696,[]
bagrones,240431876344,mp,30247,30147,[]
Goldbuster1,240431876344,co,10000,10000,[]
serioushippo677,240431880944,btn,17306,16510,[]
ayogipa8,240431880944,sb,8550,8500,[]
ionilie123,240431880944,bb,17696,17596,[]
bagrones,240431880944,utg,30147,31281,[]
Goldbuster1,240431880944,mp,10000,10000,[]
TAlexandr2716,240431880944,co,13544,13244,[]
ayogipa8,240431889534,btn,8500,0,"['Ad', 'Td']"
ionilie123,240431889534,sb,17596,17496,[]
bagrones,240431889534,bb,31281,39029,"['Ac', 'Kc']"
Goldbuster1,240431889534,utg,10000,10000,[]
TAlexandr2716,240431889534,mp,13244,13044,[]
serioushippo677,240431889534,co,16510,16510,[]
ionilie123,240431896104,btn,17496,17396,[]
bagrones,240431896104,sb,39129,39312,[]
Goldbuster1,240431896104,bb,10000,9900,[]
TAlexandr2716,240431896104,utg,13044,13044,[]
serioushippo677,240431896104,mp,16510,16510,[]
bagrones,240431898893,btn,39312,39112,[]
Goldbuster1,240431898893,sb,10000,9900,[]
TAlexandr2716,240431898893,bb,13044,12844,"['Js', '5d']"
serioushippo677,240431898893,utg,16510,16510,[]
ayogipa8,240431898893,mp,10000,10556,"['4s', 'Ah']"
ionilie123,240431898893,co,17396,17296,[]
Goldbuster1,240431908170,btn,10000,10000,[]
TAlexandr2716,240431908170,sb,12844,12544,"['4h', '4s']"
serioushippo677,240431908170,bb,16510,16110,[]
ayogipa8,240431908170,utg,10556,10256,[]
ionilie123,240431908170,mp,17296,18413,"['6d', '9s']"
bagrones,240431908170,co,39112,38812,[]
TAlexandr2716,240431927714,btn,12544,12544,[]
serioushippo677,240431927714,sb,16210,16160,[]
ayogipa8,240431927714,bb,10256,10156,[]
ionilie123,240431927714,utg,18413,18213,"['Jc', 'Ah']"
bagrones,240431927714,mp,38812,39132,"['9h', 'Js']"
Goldbuster1,240431927714,co,10000,10000,[]
serioushippo677,240431938522,btn,16160,15660,[]
ionilie123,240431938522,sb,18213,19692,"['Ad', '2d']"
bagrones,240431938522,bb,39132,38532,[]
Goldbuster1,240431938522,utg,10000,9900,[]
TAlexandr2716,240431938522,mp,12544,12144,[]
ionilie123,240431945766,btn,19692,19692,[]
bagrones,240431945766,sb,38532,38993,"['Td', '8h']"
Goldbuster1,240431945766,bb,10000,9900,[]
TAlexandr2716,240431945766,utg,12144,11944,[]
serioushippo677,240431945766,mp,15660,15660,[]
scraps2211,240431945766,co,5000,4700,[]
bagrones,240431952488,btn,38993,40386,"['Ah', 'Td']"
Goldbuster1,240431952488,sb,10000,9950,[]
TAlexandr2716,240431952488,bb,11944,11744,[]
serioushippo677,240431952488,utg,15660,15660,[]
scraps2211,240431952488,mp,4800,3500,"['Th', 'Kc']"
ionilie123,240431952488,co,19692,19692,[]
Goldbuster1,240431957983,btn,10000,10000,[]
TAlexandr2716,240431957983,sb,11744,11694,[]
serioushippo677,240431957983,bb,15660,14560,[]
scraps2211,240431957983,utg,3500,4904,[]
ionilie123,240431957983,mp,19692,19492,[]
bagrones,240431957983,co,40386,40186,[]
TAlexandr2716,240431965753,btn,11694,11066,[]
serioushippo677,240431965753,sb,14560,14510,[]
scraps2211,240431965753,bb,4904,6692,[]
ionilie123,240431965753,utg,19492,19392,[]
bagrones,240431965753,mp,40186,39558,[]
Goldbuster1,240431965753,co,10000,9372,[]
serioushippo677,240431975789,btn,14510,12718,[]
scraps2211,240431975789,sb,6792,10692,[]
ionilie123,240431975789,bb,19392,19292,[]
bagrones,240431975789,utg,39558,38958,[]
Goldbuster1,240431975789,mp,10000,10000,[]
TAlexandr2716,240431975789,co,11066,9274,[]
scraps2211,240431985352,btn,10742,9946,[]
ionilie123,240431985352,sb,19292,19242,[]
bagrones,240431985352,bb,38958,39492,"['Jd', 'Td']"
Goldbuster1,240431985352,utg,10000,9800,[]
TAlexandr2716,240431985352,mp,9274,9808,"['Jh', 'Kc']"
serioushippo677,240431985352,co,12718,12518,[]
ionilie123,240431993957,btn,19242,19242,[]
bagrones,240431993957,sb,39492,39392,[]
Goldbuster1,240431993957,bb,10000,9900,[]
TAlexandr2716,240431993957,utg,9808,9708,[]
serioushippo677,240431993957,mp,12518,12518,[]
scraps2211,240431993957,co,9946,10224,[]
bagrones,240431998605,btn,39392,39542,[]
Goldbuster1,240431998605,sb,10000,9950,[]
TAlexandr2716,240431998605,bb,9708,9608,[]
serioushippo677,240431998605,utg,12518,12518,[]
scraps2211,240431998605,mp,10224,10224,[]
ionilie123,240431998605,co,19242,19242,[]
Goldbuster1,240432001236,btn,10000,10000,[]
TAlexandr2716,240432001236,sb,9608,10233,[]
serioushippo677,240432001236,bb,12518,12229,[]
ionilie123,240432001236,utg,19242,18953,[]
bagrones,240432001236,mp,39542,39442,[]
TAlexandr2716,240432006650,btn,10233,10511,[]
serioushippo677,240432006650,sb,12229,12129,[]
anniev54,240432006650,bb,10000,9900,[]
ionilie123,240432006650,utg,18953,18853,[]
bagrones,240432006650,mp,39442,39442,[]
Goldbuster1,240432006650,co,10000,10000,[]
serioushippo677,240432015056,btn,12129,12129,[]
anniev54,240432015056,sb,9900,10545,"['9s', '4s']"
ionilie123,240432015056,bb,18853,18653,[]
bagrones,240432015056,utg,39442,39242,[]
Goldbuster1,240432015056,mp,10000,10000,[]
TAlexandr2716,240432015056,co,10511,10211,[]
anniev54,240432021161,btn,10545,10245,[]
ionilie123,240432021161,sb,18653,19392,[]
bagrones,240432021161,bb,39242,38942,[]
TAlexandr2716,240432021161,utg,10211,10011,[]
serioushippo677,240432021161,mp,12129,12129,[]
ionilie123,240432028456,btn,19392,19392,[]
bagrones,240432028456,sb,38942,38542,[]
Nova123221,240432028456,bb,10000,9400,[]
TAlexandr2716,240432028456,utg,10011,11868,"['Js', 'As']"
serioushippo677,240432028456,mp,12129,11529,"['Qh', '9h']"
anniev54,240432028456,co,10245,9845,[]
bagrones,240432038889,btn,38542,38042,[]
Nova123221,240432038889,sb,9400,9000,[]
TAlexandr2716,240432038889,bb,11868,11368,[]
serioushippo677,240432038889,utg,11529,11029,[]
anniev54,240432038889,mp,9845,12085,"['5d', '6h']"
ionilie123,240432038889,co,19392,18892,[]
Straszyciel,240454768670,btn,14628,14811,"['5h', '3c']"
LivePokerBU4,240454768670,sb,4800,4700,"['7h', '4c']"
serioushippo677,240454768670,bb,10000,9900,"['Jc', '2s']"
LivePokerBU4,240454772671,btn,4700,4600,[]
serioushippo677,240454772671,sb,9900,8550,[]
Straszyciel,240454772671,bb,14811,16062,[]
Straszyciel,240454786707,btn,16062,16151,"['7d', '9h']"
serioushippo677,240454786707,bb,8600,8500,"['4d', '3c']"
serioushippo677,240454790396,btn,8500,8450,[]
Straszyciel,240454790396,bb,16151,16201,[]
Straszyciel,240454791448,btn,16201,16290,[]
serioushippo677,240454791448,bb,8450,8350,[]
serioushippo677,240454794530,btn,8350,8500,[]
Straszyciel,240454794530,sb,16290,16240,[]
Everclear906,240454794530,bb,4800,4700,[]
Straszyciel,240454796801,btn,16240,16140,[]
Everclear906,240454796801,sb,4700,5863,"['Jh', 'Kc']"
serioushippo677,240454796801,bb,8500,7299,[]
Everclear906,240454801628,btn,5863,6013,[]
serioushippo677,240454801628,sb,7299,7249,[]
Straszyciel,240454801628,bb,16140,16040,[]
serioushippo677,240454802718,btn,7249,7249,[]
Straszyciel,240454802718,sb,16040,15940,[]
Everclear906,240454802718,bb,6013,6102,[]
Straszyciel,240454806534,btn,15940,15940,[]
Everclear906,240454806534,sb,6102,6002,[]
serioushippo677,240454806534,bb,7249,7338,[]
serioushippo677,240454809601,btn,7338,7802,"['8s', 'Ac']"
Everclear906,240454809601,bb,6002,5424,"['Tc', 'Qc']"
Everclear906,240454815222,btn,5424,5374,[]
serioushippo677,240454815222,bb,7852,7902,[]
serioushippo677,240454816828,btn,7902,7952,[]
Everclear906,240454816828,bb,5374,5274,[]
Everclear906,240454818999,btn,5274,5324,[]
serioushippo677,240454818999,bb,8002,7902,[]
serioushippo677,240454820313,btn,7902,7852,[]
Everclear906,240454820313,bb,5374,5424,[]
Everclear906,240454821504,btn,5424,4846,[]
serioushippo677,240454821504,bb,7852,8266,[]
serioushippo677,240454826585,btn,8366,8416,[]
Everclear906,240454826585,bb,4846,4746,[]
Everclear906,240454828200,btn,4746,4113,[]
serioushippo677,240454828200,bb,8466,8885,"['As', 'Ts']"
serioushippo677,240454833902,btn,8985,9113,[]
Everclear906,240454833902,bb,4163,3963,[]
Everclear906,240454838632,btn,3963,3963,[]
serioushippo677,240454838632,sb,9163,9113,[]
Pino937,240454838632,bb,10000,10050,[]
serioushippo677,240454840204,btn,9113,17696,"['Ts', 'Tc']"
Pino937,240454840204,sb,10050,9750,[]
Everclear906,240454840204,bb,3963,3863,[]
SlickBet7470,240454840204,utg,10000,787,"['5h', 'Ah']"
papa372,240454840204,mp,10000,9900,[]
Pino937,240454849307,btn,9750,6874,[]
Everclear906,240454849307,sb,3863,3813,[]
SlickBet7470,240454849307,bb,887,787,[]
papa372,240454849307,utg,9900,9900,[]
serioushippo677,240454849307,mp,17696,17696,[]
KATITO430,240454849307,co,10000,12701,[]
Everclear906,240454863555,btn,3813,4188,"['Ah', '9h']"
SlickBet7470,240454863555,sb,787,-50,"['Kd', '8s']"
papa372,240454863555,bb,9900,10275,"['As', '7s']"
serioushippo677,240454863555,utg,17696,17696,[]
KATITO430,240454863555,mp,12701,12351,[]
Pino937,240454863555,co,6874,6774,[]
SlickBet7470,240454874397,btn,10000,10000,[]
papa372,240454874397,sb,10275,10225,[]
serioushippo677,240454874397,bb,17696,17596,[]
KATITO430,240454874397,utg,12351,18522,"['9h', 'Jh']"
Pino937,240454874397,mp,6774,0,"['Ac', '7d']"
Everclear906,240454874397,co,4188,4188,[]
papa372,240454881272,btn,10225,10225,[]
serioushippo677,240454881272,sb,17596,17546,[]
KATITO430,240454881272,bb,18522,18422,[]
Everclear906,240454881272,utg,4188,4088,[]
domiPOKER16,240454881272,mp,6495,6645,[]
serioushippo677,240454884333,btn,17546,17546,[]
KATITO430,240454884333,sb,18422,19940,[]
Pino937,240454884333,bb,10000,9900,[]
Everclear906,240454884333,utg,4088,4088,[]
domiPOKER16,240454884333,mp,6745,5145,[]
papa372,240454884333,co,10225,10225,[]
FastJoker8R3,240495383117,btn,23319,22169,[]
HighAceRQ726,240495383117,sb,9700,11949,[]
Hydraty,240495383117,bb,19026,18926,[]
serioushippo677,240495383117,utg,10000,9900,[]
madobabette,240495383117,mp,25823,24673,[]
BlokkerII,240495383117,co,7746,7746,[]
HighAceRQ726,240495391268,btn,11999,11899,[]
Hydraty,240495391268,sb,18926,18626,[]
serioushippo677,240495391268,bb,9900,9800,[]
madobabette,240495391268,utg,24673,22973,[]
BlokkerII,240495391268,mp,7746,11338,[]
FastJoker8R3,240495391268,co,22169,20469,[]
Hydraty,240495408380,btn,18626,18426,[]
serioushippo677,240495408380,sb,9800,8550,[]
madobabette,240495408380,bb,22973,22773,[]
BlokkerII,240495408380,utg,11338,11138,[]
FastJoker8R3,240495408380,mp,20469,20269,[]
HighAceRQ726,240495408380,co,11899,13723,[]
serioushippo677,240495427315,btn,8600,8400,[]
madobabette,240495427315,sb,22773,21573,[]
BlokkerII,240495427315,bb,11138,9938,[]
FastJoker8R3,240495427315,utg,20269,25140,"['7s', 'Qs']"
HighAceRQ726,240495427315,mp,13723,11223,"['Ad', 'Ac']"
Hydraty,240495427315,co,18426,18226,[]
madobabette,240495450985,btn,21573,20673,[]
BlokkerII,240495450985,sb,9938,11306,"['Ah', '8d']"
FastJoker8R3,240495450985,bb,25140,24940,[]
HighAceRQ726,240495450985,utg,11223,11223,[]
Hydraty,240495450985,mp,18226,17826,[]
serioushippo677,240495450985,co,8400,8400,[]
BlokkerII,240495464723,btn,11306,9606,[]
FastJoker8R3,240495464723,sb,24940,24840,[]
HighAceRQ726,240495464723,bb,11223,13019,"['5h', 'Ks']"
Hydraty,240495464723,utg,17826,17726,[]
serioushippo677,240495464723,mp,8400,8400,[]
madobabette,240495464723,co,20673,20573,[]
FastJoker8R3,240495474748,btn,24840,23440,[]
HighAceRQ726,240495474748,sb,13019,11619,[]
Hydraty,240495474748,bb,17726,17626,[]
serioushippo677,240495474748,utg,8400,26554,"['Jh', 'Ks']"
madobabette,240495474748,mp,20573,13247,"['Tc', 'Kd']"
BlokkerII,240495474748,co,9606,0,"['7d', '3d']"
HighAceRQ726,240495485148,btn,11619,11519,[]
Hydraty,240495485148,sb,17626,20268,[]
serioushippo677,240495485148,bb,26554,26354,[]
madobabette,240495485148,utg,13247,10703,[]
FastJoker8R3,240495485148,mp,23440,23340,[]
Hydraty,240495502448,btn,20268,21274,"['Ks', '3d']"
serioushippo677,240495502448,sb,26354,25704,"['6s', 'Ah']"
madobabette,240495502448,bb,10703,10603,[]
BlokkerII,240495502448,utg,10000,10000,[]
FastJoker8R3,240495502448,mp,23340,23140,[]
HighAceRQ726,240495502448,co,11519,11319,[]
serioushippo677,240495513531,btn,25754,25754,[]
madobabette,240495513531,sb,10603,9303,[]
BlokkerII,240495513531,bb,10000,9900,[]
FastJoker8R3,240495513531,utg,23140,23140,[]
HighAceRQ726,240495513531,mp,11319,10019,[]
Hydraty,240495513531,co,21274,23754,[]
madobabette,240495533502,btn,9303,9303,[]
BlokkerII,240495533502,sb,9900,0,"['As', '2c']"
GvMeTheMon1,240495533502,bb,10000,8400,[]
HighAceRQ726,240495533502,utg,10019,29803,"['8s', '6s']"
Hydraty,240495533502,mp,23754,23754,[]
serioushippo677,240495533502,co,25754,15735,"['Qs', 'Ac']"
GvMeTheMon1,240495550221,btn,8400,8300,[]
HighAceRQ726,240495550221,sb,29803,29703,"['Kc', 'Jh']"
serioushippo677,240495550221,bb,15735,15635,[]
madobabette,240495550221,utg,9303,9581,"['Ah', 'Th']"
HighAceRQ726,240495559549,btn,29703,29603,[]
serioushippo677,240495559549,sb,15635,16308,"['Qh', 'Kd']"
madobabette,240495559549,bb,9581,9481,[]
BlokkerII,240495559549,utg,10000,9400,[]
GvMeTheMon1,240495559549,mp,8300,8300,[]
serioushippo677,240495576274,btn,16358,40934,"['Ah', 'As']"
madobabette,240495576274,sb,9481,9431,[]
BlokkerII,240495576274,bb,9400,8300,[]
GvMeTheMon1,240495576274,utg,8300,0,"['5c', '9c']"
HighAceRQ726,240495576274,mp,29603,13245,"['Jd', 'Ac']"
Hydraty,240495576274,co,23754,22604,[]
madobabette,240495592116,btn,9431,9131,[]
BlokkerII,240495592116,sb,8300,16348,"['6c', 'Tc']"
HighAceRQ726,240495592116,bb,13245,4845,"['8s', '9h']"
Hydraty,240495592116,utg,22604,22504,[]
serioushippo677,240495592116,mp,40934,40634,[]
